Name,Email,Postcode,Type
Demo Customer 001,demo001@example.com,ZZ2 3CC,Retail
Demo Customer 002,demo002@example.com,ZZ4 5EE,Trade
Demo Customer 003,demo003@example.com,ZZ4 5EE,Retail
Demo Customer 004,demo004@example.com,ZZ5 6FF,Retail
Demo Customer 005,demo005@example.com,ZZ5 6FF,Retail
Demo Customer 006,demo006@example.com,ZZ4 5EE,Trade
Demo Customer 007,demo007@example.com,ZZ5 6FF,Trade
Demo Customer 008,demo008@example.com,ZZ1 2BB,Retail
Demo Customer 009,demo009@example.com,ZZ3 4DD,Retail
Demo Customer 010,demo010@example.com,ZZ5 6FF,Retail
Demo Customer 011,demo011@example.com,ZZ4 5EE,Trade
Demo Customer 012,demo012@example.com,ZZ2 3CC,Retail
Demo Customer 013,demo013@example.com,ZZ1 1AA,Retail
Demo Customer 014,demo014@example.com,ZZ5 6FF,Retail
Demo Customer 015,demo015@example.com,ZZ1 2BB,Retail
Demo Customer 016,demo016@example.com,ZZ4 5EE,Retail
Demo Customer 017,demo017@example.com,ZZ4 5EE,Retail
Demo Customer 018,demo018@example.com,ZZ2 3CC,Retail
Demo Customer 019,demo019@example.com,ZZ3 4DD,Trade
Demo Customer 020,demo020@example.com,ZZ3 4DD,Retail
Demo Customer 021,demo021@example.com,ZZ3 4DD,Retail
Demo Customer 022,demo022@example.com,ZZ5 6FF,Retail
Demo Customer 023,demo023@example.com,ZZ1 1AA,Trade
Demo Customer 024,demo024@example.com,ZZ1 2BB,Retail
Demo Customer 025,demo025@example.com,ZZ4 5EE,Trade
Demo Customer 026,demo026@example.com,ZZ2 3CC,Trade
Demo Customer 027,demo027@example.com,ZZ1 1AA,Retail
Demo Customer 028,demo028@example.com,ZZ3 4DD,Retail
Demo Customer 029,demo029@example.com,ZZ2 3CC,Retail
Demo Customer 030,demo030@example.com,ZZ5 6FF,Retail
Demo Customer 031,demo031@example.com,ZZ2 3CC,Retail
Demo Customer 032,demo032@example.com,ZZ4 5EE,Trade
Demo Customer 033,demo033@example.com,ZZ1 2BB,Retail
Demo Customer 034,demo034@example.com,ZZ3 4DD,Trade
Demo Customer 035,demo035@example.com,ZZ3 4DD,Retail
Demo Customer 036,demo036@example.com,ZZ2 3CC,Trade
Demo Customer 037,demo037@example.com,ZZ2 3CC,Retail
Demo Customer 038,demo038@example.com,ZZ2 3CC,Retail
Demo Customer 039,demo039@example.com,ZZ1 2BB,Trade
Demo Customer 040,demo040@example.com,ZZ5 6FF,Retail
